Title,Company,Location,Apply
Python Developer,Infosys,Bengaluru East,https://in.linkedin.com/jobs/view/python-developer-at-infosys-3557705544?refId=%2BmMYyP4wRBe1bJQRY%2BJnlQ%3D%3D&trackingId=hh6PJUzmpXlN3sCHtYrPPQ%3D%3D&position=1&pageNum=0&trk=public_jobs_jserp-result_search-card
Python Developer,Infosys,Bengaluru East,https://in.linkedin.com/jobs/view/python-developer-at-infosys-3551208353?refId=%2BmMYyP4wRBe1bJQRY%2BJnlQ%3D%3D&trackingId=ozj%2FcOCjzdPvjaCvSQOJJw%3D%3D&position=2&pageNum=0&trk=public_jobs_jserp-result_search-card
"Strategy and Operations Lead, Google Operations Center, gTech",Google,Gurugram,https://in.linkedin.com/jobs/view/strategy-and-operations-lead-google-operations-center-gtech-at-google-3522687261?refId=%2BmMYyP4wRBe1bJQRY%2BJnlQ%3D%3D&trackingId=V9ZYOsm8SpgFV0FjmLXuZg%3D%3D&position=3&pageNum=0&trk=public_jobs_jserp-result_search-card
Marketing Analyst,Infosys,Bengaluru East,https://in.linkedin.com/jobs/view/marketing-analyst-at-infosys-3573471205?refId=%2BmMYyP4wRBe1bJQRY%2BJnlQ%3D%3D&trackingId=SIAbyYg48TWKxl3DBJRrsQ%3D%3D&position=4&pageNum=0&trk=public_jobs_jserp-result_search-card
"Product Operation Analyst, Google Nest",Google,Bengaluru,https://in.linkedin.com/jobs/view/product-operation-analyst-google-nest-at-google-3574512810?refId=%2BmMYyP4wRBe1bJQRY%2BJnlQ%3D%3D&trackingId=BEGRdvR2yf14aQnSoePlhQ%3D%3D&position=5&pageNum=0&trk=public_jobs_jserp-result_search-card
"Strategy and Operations Lead, Google Operations Center, gTech",Google,Hyderabad,https://in.linkedin.com/jobs/view/strategy-and-operations-lead-google-operations-center-gtech-at-google-3522687241?refId=%2BmMYyP4wRBe1bJQRY%2BJnlQ%3D%3D&trackingId=QKbaDbH%2FxSKxhOaJXXkEqw%3D%3D&position=6&pageNum=0&trk=public_jobs_jserp-result_search-card
"Strategy and Operations Lead, gTech Customer Experience",Google,Gurgaon,https://in.linkedin.com/jobs/view/strategy-and-operations-lead-gtech-customer-experience-at-google-3585552054?refId=%2BmMYyP4wRBe1bJQRY%2BJnlQ%3D%3D&trackingId=8UzJEqKVlz0eQp2UgSTQwg%3D%3D&position=7&pageNum=0&trk=public_jobs_jserp-result_search-card
"Strategy and Operations Lead, Google Operations Center, gTech",Google,Bengaluru,https://in.linkedin.com/jobs/view/strategy-and-operations-lead-google-operations-center-gtech-at-google-3522688242?refId=%2BmMYyP4wRBe1bJQRY%2BJnlQ%3D%3D&trackingId=LgusoC3KcQ2h%2FTwCtbfflA%3D%3D&position=8&pageNum=0&trk=public_jobs_jserp-result_search-card
Business Analyst- Banking,Infosys,Pune,https://in.linkedin.com/jobs/view/business-analyst-banking-at-infosys-3548662524?refId=%2BmMYyP4wRBe1bJQRY%2BJnlQ%3D%3D&trackingId=Jpi32gOLr2v2lrRImxKTBw%3D%3D&position=9&pageNum=0&trk=public_jobs_jserp-result_search-card
React JS Developer,Infosys,Bengaluru East,https://in.linkedin.com/jobs/view/react-js-developer-at-infosys-3559729273?refId=%2BmMYyP4wRBe1bJQRY%2BJnlQ%3D%3D&trackingId=iehOWHx7CjNkRL1ovu7nDg%3D%3D&position=10&pageNum=0&trk=public_jobs_jserp-result_search-card
Data Science,Infosys,Bengaluru East,https://in.linkedin.com/jobs/view/data-science-at-infosys-3546179721?refId=%2BmMYyP4wRBe1bJQRY%2BJnlQ%3D%3D&trackingId=pN44ZF%2Fbj%2B1jSavT7iBBsw%3D%3D&position=11&pageNum=0&trk=public_jobs_jserp-result_search-card
Invoice Processing TL,Capgemini,Bengaluru,https://in.linkedin.com/jobs/view/invoice-processing-tl-at-capgemini-3581116275?refId=%2BmMYyP4wRBe1bJQRY%2BJnlQ%3D%3D&trackingId=2zQQ4vc8z9R2vE9IWKVtVA%3D%3D&position=12&pageNum=0&trk=public_jobs_jserp-result_search-card
Senior Operations Manager,Capgemini,Kolkata,https://in.linkedin.com/jobs/view/senior-operations-manager-at-capgemini-3581707833?refId=%2BmMYyP4wRBe1bJQRY%2BJnlQ%3D%3D&trackingId=3WqDtgfsxgEXVMWH5v957Q%3D%3D&position=13&pageNum=0&trk=public_jobs_jserp-result_search-card
Market Research Analyst,Capgemini,Greater Kolkata Area,https://in.linkedin.com/jobs/view/market-research-analyst-at-capgemini-3595393521?refId=%2BmMYyP4wRBe1bJQRY%2BJnlQ%3D%3D&trackingId=j9WQy6%2FtrMOqY3h4%2B4wuBw%3D%3D&position=14&pageNum=0&trk=public_jobs_jserp-result_search-card
Data Engineer Jr. (ETL),Infosys,Bengaluru East,https://in.linkedin.com/jobs/view/data-engineer-jr-etl-at-infosys-3556281056?refId=%2BmMYyP4wRBe1bJQRY%2BJnlQ%3D%3D&trackingId=Ge3D72ugwFgk1x%2BJhkJ3WA%3D%3D&position=15&pageNum=0&trk=public_jobs_jserp-result_search-card
Human Resource Operations I 16 to 18 Years I Kolkata I,Capgemini,Greater Kolkata Area,https://in.linkedin.com/jobs/view/human-resource-operations-i-16-to-18-years-i-kolkata-i-at-capgemini-3542768838?refId=%2BmMYyP4wRBe1bJQRY%2BJnlQ%3D%3D&trackingId=UZBIUNVadE93gPfzen6TzA%3D%3D&position=16&pageNum=0&trk=public_jobs_jserp-result_search-card
Research Analyst,Capgemini,Kolkata,https://in.linkedin.com/jobs/view/research-analyst-at-capgemini-3594528874?refId=%2BmMYyP4wRBe1bJQRY%2BJnlQ%3D%3D&trackingId=wpjnrYNak4YVJ4anN0R83Q%3D%3D&position=17&pageNum=0&trk=public_jobs_jserp-result_search-card
Business Analyst - Risk assessment,Infosys,Bengaluru East,https://in.linkedin.com/jobs/view/business-analyst-risk-assessment-at-infosys-3557706279?refId=%2BmMYyP4wRBe1bJQRY%2BJnlQ%3D%3D&trackingId=oZZyQdzQNm5x95oYjOF6ig%3D%3D&position=18&pageNum=0&trk=public_jobs_jserp-result_search-card
Data Scientist,Infosys,Bengaluru East,https://in.linkedin.com/jobs/view/data-scientist-at-infosys-3547314074?refId=%2BmMYyP4wRBe1bJQRY%2BJnlQ%3D%3D&trackingId=RQXtWKI9gI4T9e%2BXCeMbcg%3D%3D&position=19&pageNum=0&trk=public_jobs_jserp-result_search-card
React JS Developer,Infosys,Bengaluru East,https://in.linkedin.com/jobs/view/react-js-developer-at-infosys-3551208349?refId=%2BmMYyP4wRBe1bJQRY%2BJnlQ%3D%3D&trackingId=ADQSJJ3JgNWsekWqDKFWqQ%3D%3D&position=20&pageNum=0&trk=public_jobs_jserp-result_search-card
Talent Acquisition Operations | 1 to 3 years | Kolkata,Capgemini,Greater Kolkata Area,https://in.linkedin.com/jobs/view/talent-acquisition-operations-1-to-3-years-kolkata-at-capgemini-3542765973?refId=%2BmMYyP4wRBe1bJQRY%2BJnlQ%3D%3D&trackingId=G0f8GoDIXeAWCVX8TRgSrQ%3D%3D&position=21&pageNum=0&trk=public_jobs_jserp-result_search-card
Vendor Operations Manager,Google,Bengaluru,https://in.linkedin.com/jobs/view/vendor-operations-manager-at-google-3566639792?refId=%2BmMYyP4wRBe1bJQRY%2BJnlQ%3D%3D&trackingId=k5vARS3BBKUHdNC6AfCBLw%3D%3D&position=22&pageNum=0&trk=public_jobs_jserp-result_search-card
Aerospace Engineer,Infosys,Bengaluru East,https://in.linkedin.com/jobs/view/aerospace-engineer-at-infosys-3553169206?refId=%2BmMYyP4wRBe1bJQRY%2BJnlQ%3D%3D&trackingId=Tg15WSUWV4f4G0Bw2cmd1A%3D%3D&position=23&pageNum=0&trk=public_jobs_jserp-result_search-card
HR Operations (HRO) | 1 to 3 years | Bangalore,Capgemini,Bengaluru,https://in.linkedin.com/jobs/view/hr-operations-hro-1-to-3-years-bangalore-at-capgemini-3580196805?refId=%2BmMYyP4wRBe1bJQRY%2BJnlQ%3D%3D&trackingId=jMGW%2BY%2Fkw%2FBGFQEXjUPCsg%3D%3D&position=24&pageNum=0&trk=public_jobs_jserp-result_search-card
Aerospace Engineer,Infosys,Bengaluru East,https://in.linkedin.com/jobs/view/aerospace-engineer-at-infosys-3553171117?refId=%2BmMYyP4wRBe1bJQRY%2BJnlQ%3D%3D&trackingId=my0g2Ojd8mIkLgHMBDwylA%3D%3D&position=25&pageNum=0&trk=public_jobs_jserp-result_search-card
Associate Consultant,Infosys,Bengaluru East,https://in.linkedin.com/jobs/view/associate-consultant-at-infosys-3573486089?refId=%2BrLoFuIZAsvmDKMLw7Z8SA%3D%3D&trackingId=FqVFfyiAnX7T3HxqfusMGA%3D%3D&position=1&pageNum=1&trk=public_jobs_jserp-result_search-card
Customer Service Operations Manager,Capgemini,Kolkata,https://in.linkedin.com/jobs/view/customer-service-operations-manager-at-capgemini-3573848843?refId=%2BrLoFuIZAsvmDKMLw7Z8SA%3D%3D&trackingId=6hvQncgTIESZ8C61khmi6A%3D%3D&position=2&pageNum=1&trk=public_jobs_jserp-result_search-card
Business Analyst- RPA,Infosys,Bengaluru East,https://in.linkedin.com/jobs/view/business-analyst-rpa-at-infosys-3546180651?refId=%2BrLoFuIZAsvmDKMLw7Z8SA%3D%3D&trackingId=OSBu7LM1nnRNlJVJPjTD0Q%3D%3D&position=3&pageNum=1&trk=public_jobs_jserp-result_search-card
Treasury Analyst,Google,Mumbai,https://in.linkedin.com/jobs/view/treasury-analyst-at-google-3544079540?refId=%2BrLoFuIZAsvmDKMLw7Z8SA%3D%3D&trackingId=6N0QdyJPqC2Qp%2F%2F8vzWaxQ%3D%3D&position=4&pageNum=1&trk=public_jobs_jserp-result_search-card
POWER BI ADMIN,Infosys,Bengaluru,https://in.linkedin.com/jobs/view/power-bi-admin-at-infosys-3561491606?refId=%2BrLoFuIZAsvmDKMLw7Z8SA%3D%3D&trackingId=%2B8lolBJzBvOXc2ay1AL%2B0A%3D%3D&position=5&pageNum=1&trk=public_jobs_jserp-result_search-card
"Partner Manager, Global Partnerships",Google,Gurgaon,https://in.linkedin.com/jobs/view/partner-manager-global-partnerships-at-google-3583458894?refId=%2BrLoFuIZAsvmDKMLw7Z8SA%3D%3D&trackingId=MPz1OKgxK62t5lQrP2KXXg%3D%3D&position=6&pageNum=1&trk=public_jobs_jserp-result_search-card
"Strategic Negotiator, Site Acquisition",Google,Mumbai,https://in.linkedin.com/jobs/view/strategic-negotiator-site-acquisition-at-google-3583461516?refId=%2BrLoFuIZAsvmDKMLw7Z8SA%3D%3D&trackingId=2o9YH1hqxMPLWFfQdwqijg%3D%3D&position=7&pageNum=1&trk=public_jobs_jserp-result_search-card
Aerospace Engineer,Infosys,Hubli,https://in.linkedin.com/jobs/view/aerospace-engineer-at-infosys-3559718691?refId=%2BrLoFuIZAsvmDKMLw7Z8SA%3D%3D&trackingId=AA3y7RjYyD%2F%2By2u%2Bf1I0dg%3D%3D&position=8&pageNum=1&trk=public_jobs_jserp-result_search-card
Analytics & Insights TL,Capgemini,Greater Kolkata Area,https://in.linkedin.com/jobs/view/analytics-insights-tl-at-capgemini-3544073132?refId=%2BrLoFuIZAsvmDKMLw7Z8SA%3D%3D&trackingId=srcvE8xwu5IH9%2BowLKWtKw%3D%3D&position=9&pageNum=1&trk=public_jobs_jserp-result_search-card
IT Testing,Infosys,Bengaluru East,https://in.linkedin.com/jobs/view/it-testing-at-infosys-3557703696?refId=%2BrLoFuIZAsvmDKMLw7Z8SA%3D%3D&trackingId=fHQ2V%2FtwSf4Euo8rBocP%2Fg%3D%3D&position=10&pageNum=1&trk=public_jobs_jserp-result_search-card
Lean-Six Sigma,Infosys,Bengaluru East,https://in.linkedin.com/jobs/view/lean-six-sigma-at-infosys-3549496805?refId=%2BrLoFuIZAsvmDKMLw7Z8SA%3D%3D&trackingId=Ui2vWLADiFnk%2F2vaVu6bbQ%3D%3D&position=11&pageNum=1&trk=public_jobs_jserp-result_search-card
IT Testing,Infosys,Bengaluru East,https://in.linkedin.com/jobs/view/it-testing-at-infosys-3546170291?refId=%2BrLoFuIZAsvmDKMLw7Z8SA%3D%3D&trackingId=oMapXHLf0nH7pO33Hpw0pA%3D%3D&position=12&pageNum=1&trk=public_jobs_jserp-result_search-card
IT Testing,Infosys,Bengaluru East,https://in.linkedin.com/jobs/view/it-testing-at-infosys-3551204995?refId=%2BrLoFuIZAsvmDKMLw7Z8SA%3D%3D&trackingId=OdJoXTXfX1Qck4c5gNra9g%3D%3D&position=13&pageNum=1&trk=public_jobs_jserp-result_search-card
Treasury Analyst,Google,Hyderabad,https://in.linkedin.com/jobs/view/treasury-analyst-at-google-3544076923?refId=%2BrLoFuIZAsvmDKMLw7Z8SA%3D%3D&trackingId=BP4hPXom3MLt7%2Flm%2Bm8RcA%3D%3D&position=14&pageNum=1&trk=public_jobs_jserp-result_search-card
IT Testing,Infosys,Bengaluru East,https://in.linkedin.com/jobs/view/it-testing-at-infosys-3557702770?refId=%2BrLoFuIZAsvmDKMLw7Z8SA%3D%3D&trackingId=8OhBYMFGV1xMpZg6CWk1ag%3D%3D&position=15&pageNum=1&trk=public_jobs_jserp-result_search-card
Recruit to Hire I 10 to 12 Years I Kolkata,Capgemini,Greater Kolkata Area,https://in.linkedin.com/jobs/view/recruit-to-hire-i-10-to-12-years-i-kolkata-at-capgemini-3582876909?refId=%2BrLoFuIZAsvmDKMLw7Z8SA%3D%3D&trackingId=SXK5DSd6Do1YcRbN%2BfyANg%3D%3D&position=16&pageNum=1&trk=public_jobs_jserp-result_search-card
Business analyst - Regulatory reporting,Infosys,Chennai,https://in.linkedin.com/jobs/view/business-analyst-regulatory-reporting-at-infosys-3557702768?refId=%2BrLoFuIZAsvmDKMLw7Z8SA%3D%3D&trackingId=DuvW0Vhy%2FxNNc1L55fuPlQ%3D%3D&position=17&pageNum=1&trk=public_jobs_jserp-result_search-card
Project Manager (PMO/ Scrum Master),Infosys,Bengaluru East,https://in.linkedin.com/jobs/view/project-manager-pmo-scrum-master-at-infosys-3556274298?refId=%2BrLoFuIZAsvmDKMLw7Z8SA%3D%3D&trackingId=FvOiQU%2BNA%2BSi%2FN98qLU93A%3D%3D&position=18&pageNum=1&trk=public_jobs_jserp-result_search-card
IT Testing,Infosys,Bengaluru East,https://in.linkedin.com/jobs/view/it-testing-at-infosys-3559729286?refId=%2BrLoFuIZAsvmDKMLw7Z8SA%3D%3D&trackingId=Dh8XtwhKTdn6z3qCNdMdlQ%3D%3D&position=19&pageNum=1&trk=public_jobs_jserp-result_search-card
IT Testing,Infosys,Bengaluru East,https://in.linkedin.com/jobs/view/it-testing-at-infosys-3559722904?refId=%2BrLoFuIZAsvmDKMLw7Z8SA%3D%3D&trackingId=OM5Os8hPyF50yzzU3y1GWg%3D%3D&position=20&pageNum=1&trk=public_jobs_jserp-result_search-card
IT Testing,Infosys,Bengaluru East,https://in.linkedin.com/jobs/view/it-testing-at-infosys-3592055149?refId=%2BrLoFuIZAsvmDKMLw7Z8SA%3D%3D&trackingId=68McxVLY%2Fd1ChDW%2F7Qtu8w%3D%3D&position=21&pageNum=1&trk=public_jobs_jserp-result_search-card
IT Testing,Infosys,Bengaluru East,https://in.linkedin.com/jobs/view/it-testing-at-infosys-3557702771?refId=%2BrLoFuIZAsvmDKMLw7Z8SA%3D%3D&trackingId=RcxtzCkmhs52d6TAS8fHEg%3D%3D&position=22&pageNum=1&trk=public_jobs_jserp-result_search-card
Senior Content Writer,Infosys,Bengaluru East,https://in.linkedin.com/jobs/view/senior-content-writer-at-infosys-3558974312?refId=%2BrLoFuIZAsvmDKMLw7Z8SA%3D%3D&trackingId=uCeksSIRVizEgEfSVFG51A%3D%3D&position=23&pageNum=1&trk=public_jobs_jserp-result_search-card
"Legal Counsel, Regulatory and Investigations",Google,Gurgaon,https://in.linkedin.com/jobs/view/legal-counsel-regulatory-and-investigations-at-google-3553581066?refId=%2BrLoFuIZAsvmDKMLw7Z8SA%3D%3D&trackingId=0KVZHPuOrVgbgFqrwvGEgA%3D%3D&position=24&pageNum=1&trk=public_jobs_jserp-result_search-card
ERP Administrator 1,Capgemini,Bengaluru,https://in.linkedin.com/jobs/view/erp-administrator-1-at-capgemini-3496221044?refId=%2BrLoFuIZAsvmDKMLw7Z8SA%3D%3D&trackingId=VVTDJXByjAn450F%2FcLySFw%3D%3D&position=25&pageNum=1&trk=public_jobs_jserp-result_search-card
